no,timestamp,type,times,amount
185,2019-01-16 10:42:05,BB,48,228
185,2019-01-16 10:47:25,BB,3,219
185,2019-01-16 10:52:53,BB,2,194
185,2019-01-16 10:58:08,BB,1,205
185,2019-01-16 12:45:11,RB,514,108
185,2019-01-16 12:50:42,RB,13,94
185,2019-01-16 12:54:07,BB,1,224
185,2019-01-16 13:17:04,BB,196,204
185,2019-01-16 13:46:32,RB,317,89
185,2019-01-16 14:29:56,RB,263,107
185,2019-01-16 14:36:06,RB,57,79
185,2019-01-16 14:51:26,BB,184,225
185,2019-01-16 14:58:06,BB,25,203
186,2019-01-16 09:05:14,BB,27,207
186,2019-01-16 09:13:06,RB,24,102
186,2019-01-16 09:47:38,BB,251,223
186,2019-01-16 10:09:17,RB,159,66
186,2019-01-16 10:33:14,BB,210,219
186,2019-01-16 10:39:40,BB,9,231
186,2019-01-16 10:46:19,RB,5,86
186,2019-01-16 10:49:01,RB,4,85
186,2019-01-16 10:51:56,RB,5,96
186,2019-01-16 10:54:32,BB,1,223
186,2019-01-16 11:01:36,RB,9,99
186,2019-01-16 11:06:13,BB,7,173
186,2019-01-16 11:14:53,RB,11,93
186,2019-01-16 11:35:17,RB,175,97
186,2019-01-16 11:37:56,BB,1,219
186,2019-01-16 12:09:37,RB,205,84
186,2019-01-16 12:20:32,BB,59,217
186,2019-01-16 12:58:28,BB,219,208
186,2019-01-16 13:04:56,BB,1,225
186,2019-01-16 13:11:00,BB,2,238
186,2019-01-16 13:17:22,BB,0,217
186,2019-01-16 13:25:59,BB,3,203
186,2019-01-16 13:32:21,BB,1,200
186,2019-01-16 13:40:01,RB,6,91
186,2019-01-16 13:42:38,BB,1,228
186,2019-01-16 13:49:33,BB,1,201
186,2019-01-16 13:55:34,BB,1,204
186,2019-01-16 14:01:40,BB,1,207
186,2019-01-16 14:07:50,BB,4,216
186,2019-01-16 14:15:42,BB,5,210
186,2019-01-16 14:22:15,BB,4,225
186,2019-01-16 14:30:11,BB,8,195
186,2019-01-16 14:36:33,BB,5,247
186,2019-01-16 14:43:22,RB,3,83
186,2019-01-16 15:09:47,BB,221,196
186,2019-01-16 15:54:59,BB,372,203
186,2019-01-16 16:09:25,RB,72,91
186,2019-01-16 17:14:12,BB,602,217
186,2019-01-16 17:34:15,BB,205,215
186,2019-01-16 17:39:48,RB,7,83
186,2019-01-16 17:42:04,BB,3,211
186,2019-01-16 17:47:52,BB,5,242
186,2019-01-16 17:52:53,BB,1,217
186,2019-01-16 17:58:39,RB,11,100
186,2019-01-16 18:02:09,RB,21,102
186,2019-01-16 18:05:34,RB,18,100
186,2019-01-16 18:08:58,BB,19,217
186,2019-01-16 18:15:53,BB,25,202
187,2019-01-16 12:04:36,BB,540,188
187,2019-01-16 12:13:16,BB,23,205
187,2019-01-16 12:21:32,BB,14,185
187,2019-01-16 12:29:12,RB,9,78
187,2019-01-16 12:34:55,RB,33,84
188,2019-01-16 10:45:52,BB,647,218
188,2019-01-16 12:08:03,BB,809,205
188,2019-01-16 12:14:04,BB,11,193
188,2019-01-16 12:20:11,RB,6,74
188,2019-01-16 12:37:40,RB,176,95
188,2019-01-16 12:40:17,BB,3,214
188,2019-01-16 12:46:51,BB,14,237
188,2019-01-16 13:17:52,RB,286,102
188,2019-01-16 13:58:58,BB,380,194
188,2019-01-16 14:14:54,RB,116,98
188,2019-01-16 14:28:41,RB,123,90
188,2019-01-16 14:41:16,RB,111,88
188,2019-01-16 14:43:55,BB,2,213
188,2019-01-16 14:50:02,BB,4,227
188,2019-01-16 14:55:27,RB,2,89
188,2019-01-16 14:59:33,BB,19,213
188,2019-01-16 15:05:25,BB,3,221
188,2019-01-16 15:12:14,RB,15,101
188,2019-01-16 15:14:45,BB,2,212
188,2019-01-16 15:21:49,BB,12,209
188,2019-01-16 15:28:05,BB,1,229
188,2019-01-16 15:41:40,RB,81,92
188,2019-01-16 15:44:31,BB,4,215
188,2019-01-16 17:24:11,BB,1000,249
188,2019-01-16 17:29:35,BB,3,224
188,2019-01-16 17:36:09,RB,9,70
188,2019-01-16 17:39:15,RB,8,107
188,2019-01-16 17:54:05,RB,138,102
189,2019-01-16 09:02:29,RB,18,94
189,2019-01-16 09:07:42,RB,46,94
189,2019-01-16 09:11:24,BB,24,223
189,2019-01-16 09:16:49,BB,0,225
189,2019-01-16 09:53:27,RB,419,94
189,2019-01-16 10:14:57,BB,264,215
189,2019-01-16 10:31:20,BB,165,203
189,2019-01-16 10:37:27,BB,12,195
189,2019-01-16 10:42:38,BB,3,210
189,2019-01-16 10:48:10,BB,5,199
189,2019-01-16 10:53:20,BB,1,201
189,2019-01-16 11:02:54,BB,2,191
189,2019-01-16 11:08:07,RB,1,109
189,2019-01-16 11:10:43,BB,7,215
189,2019-01-16 11:17:05,BB,20,198
189,2019-01-16 11:23:51,RB,25,98
189,2019-01-16 11:26:31,BB,9,213
189,2019-01-16 11:32:26,BB,14,215
189,2019-01-16 11:41:09,BB,20,230
189,2019-01-16 11:48:07,RB,2,101
189,2019-01-16 11:50:25,RB,3,84
189,2019-01-16 11:52:37,BB,1,188
189,2019-01-16 11:58:47,BB,10,213
189,2019-01-16 12:03:57,BB,1,206
189,2019-01-16 12:09:49,BB,6,192
189,2019-01-16 12:15:14,BB,5,186
189,2019-01-16 12:22:20,BB,28,216
189,2019-01-16 12:27:30,BB,2,220
189,2019-01-16 12:44:29,RB,172,87
189,2019-01-16 13:51:09,RB,903,106
189,2019-01-16 14:04:23,RB,163,92
189,2019-01-16 14:17:25,RB,157,100
189,2019-01-16 14:20:26,RB,14,83
189,2019-01-16 14:22:39,BB,1,219
189,2019-01-16 14:27:53,BB,5,241
189,2019-01-16 14:33:08,BB,2,197
189,2019-01-16 14:40:06,BB,28,229
189,2019-01-16 14:45:52,BB,11,220
189,2019-01-16 14:56:24,BB,80,225
189,2019-01-16 15:22:19,BB,306,215
189,2019-01-16 15:27:22,BB,2,227
189,2019-01-16 15:36:15,BB,57,193
189,2019-01-16 15:41:25,BB,0,204
189,2019-01-16 17:28:28,BB,207,199
190,2019-01-16 13:14:30,BB,468,240
190,2019-01-16 15:43:58,RB,274,106
190,2019-01-16 15:47:25,RB,19,72
190,2019-01-16 15:50:05,BB,7,202
190,2019-01-16 15:55:51,BB,9,192
190,2019-01-16 16:01:10,BB,4,211
190,2019-01-16 16:06:33,RB,4,90
190,2019-01-16 16:08:49,BB,1,225
190,2019-01-16 16:14:02,BB,3,209
190,2019-01-16 16:30:27,RB,153,94
190,2019-01-16 16:33:16,RB,10,96
190,2019-01-16 16:44:26,BB,112,226
190,2019-01-16 16:51:36,BB,30,218
191,2019-01-16 12:44:56,BB,271,228
191,2019-01-16 13:38:04,BB,638,229
191,2019-01-16 13:49:39,BB,93,205
191,2019-01-16 13:55:46,BB,9,203
191,2019-01-16 14:07:23,BB,92,224
191,2019-01-16 14:21:11,BB,116,226
191,2019-01-16 14:26:22,BB,2,202
191,2019-01-16 14:31:26,RB,0,88
191,2019-01-16 14:33:45,BB,1,185
191,2019-01-16 14:39:36,RB,12,99
191,2019-01-16 14:41:46,BB,1,216
191,2019-01-16 15:08:32,RB,308,87
191,2019-01-16 15:17:09,RB,46,88
191,2019-01-16 15:27:43,BB,124,192
191,2019-01-16 15:33:29,BB,4,203
191,2019-01-16 15:39:27,BB,14,229
191,2019-01-16 15:44:58,BB,0,178
191,2019-01-16 15:53:05,BB,4,212
191,2019-01-16 15:58:18,BB,1,196
191,2019-01-16 17:32:50,RB,410,91
191,2019-01-16 17:35:54,BB,2,203
191,2019-01-16 17:42:19,RB,4,75
191,2019-01-16 17:45:01,RB,4,93
191,2019-01-16 18:05:13,BB,107,250
192,2019-01-16 09:14:19,BB,67,205
192,2019-01-16 09:37:52,BB,224,214
192,2019-01-16 09:43:11,RB,3,91
192,2019-01-16 10:00:16,BB,57,193
192,2019-01-16 10:05:39,BB,5,188
192,2019-01-16 10:11:47,BB,14,221
192,2019-01-16 10:16:57,BB,2,197
192,2019-01-16 10:21:58,BB,1,209
192,2019-01-16 10:28:11,BB,1,227
192,2019-01-16 10:34:24,BB,18,212
192,2019-01-16 10:41:50,BB,32,193
192,2019-01-16 10:54:20,BB,12,179
192,2019-01-16 10:59:30,BB,1,219
192,2019-01-16 11:04:45,BB,2,203
192,2019-01-16 11:10:40,BB,13,209
192,2019-01-16 11:31:13,RB,185,103
192,2019-01-16 12:17:09,RB,438,84
192,2019-01-16 12:19:26,BB,1,152
192,2019-01-16 12:25:11,BB,9,215
192,2019-01-16 12:30:21,BB,0,241
192,2019-01-16 13:13:15,RB,167,87
192,2019-01-16 13:35:34,BB,155,206
192,2019-01-16 13:42:26,BB,16,201
192,2019-01-16 15:06:34,BB,244,175
192,2019-01-16 15:35:39,RB,300,97
192,2019-01-16 15:37:57,BB,2,210
192,2019-01-16 15:43:13,BB,1,208
192,2019-01-16 15:51:05,BB,39,203
192,2019-01-16 15:56:45,RB,7,101
192,2019-01-16 15:59:18,BB,6,227
192,2019-01-16 16:08:16,BB,1,222
192,2019-01-16 16:13:37,BB,1,186
192,2019-01-16 16:19:02,BB,3,249
192,2019-01-16 16:25:09,RB,13,98
192,2019-01-16 16:28:09,RB,10,98
192,2019-01-16 16:30:42,BB,1,220
192,2019-01-16 16:36:45,RB,13,94
192,2019-01-16 16:39:19,BB,4,229
192,2019-01-16 16:44:59,BB,7,201
192,2019-01-16 17:00:19,RB,122,91
192,2019-01-16 17:05:20,BB,40,187
192,2019-01-16 17:13:18,BB,40,221
193,2019-01-16 10:50:49,RB,159,87
193,2019-01-16 13:05:17,BB,798,193
193,2019-01-16 13:12:21,BB,3,222
193,2019-01-16 15:12:32,RB,331,68
193,2019-01-16 16:47:47,BB,336,211
193,2019-01-16 16:53:45,RB,12,113
193,2019-01-16 16:56:16,RB,3,94
193,2019-01-16 16:59:34,BB,14,215
193,2019-01-16 17:05:32,BB,3,217
193,2019-01-16 17:12:24,BB,14,185
193,2019-01-16 17:17:58,BB,1,199
193,2019-01-16 17:29:05,BB,63,207
193,2019-01-16 18:02:52,BB,161,218
193,2019-01-16 18:08:07,BB,4,221
193,2019-01-16 18:14:14,BB,14,211
193,2019-01-16 18:19:57,BB,9,215
194,2019-01-16 11:32:29,BB,282,216
194,2019-01-16 11:37:56,RB,6,87
194,2019-01-16 11:41:12,RB,15,103
194,2019-01-16 11:43:30,BB,1,216
194,2019-01-16 11:49:07,RB,8,88
194,2019-01-16 11:51:37,RB,4,88
194,2019-01-16 12:04:18,BB,147,209
194,2019-01-16 12:09:58,BB,7,208
194,2019-01-16 12:15:56,BB,12,197
194,2019-01-16 12:21:44,BB,11,213
194,2019-01-16 12:27:12,RB,6,111
194,2019-01-16 13:44:05,RB,60,92
194,2019-01-16 16:27:09,RB,393,86
194,2019-01-16 16:29:30,BB,2,197
195,2019-01-16 11:26:28,RB,576,100
195,2019-01-16 11:33:47,BB,70,201
195,2019-01-16 11:38:56,BB,2,232
195,2019-01-16 12:30:15,BB,509,191
195,2019-01-16 12:43:05,RB,44,87
195,2019-01-16 12:45:35,BB,2,229
195,2019-01-16 12:53:58,BB,24,217
195,2019-01-16 13:02:20,BB,21,228
195,2019-01-16 13:09:18,RB,4,88
195,2019-01-16 13:13:30,BB,26,189
195,2019-01-16 13:20:46,RB,1,101
195,2019-01-16 13:23:38,BB,1,200
195,2019-01-16 13:29:18,RB,7,79
195,2019-01-16 13:36:01,RB,60,91
195,2019-01-16 13:52:06,RB,177,67
195,2019-01-16 14:09:48,RB,194,78
195,2019-01-16 14:12:09,BB,1,221
195,2019-01-16 14:24:46,BB,98,171
195,2019-01-16 15:26:16,RB,621,87
195,2019-01-16 15:44:22,BB,174,212
195,2019-01-16 15:54:08,BB,54,224
195,2019-01-16 16:09:04,RB,119,79
195,2019-01-16 16:11:16,RB,2,100
195,2019-01-16 16:13:55,BB,7,200
195,2019-01-16 16:20:30,BB,3,235
195,2019-01-16 16:27:00,BB,3,216
195,2019-01-16 16:33:10,BB,5,191
195,2019-01-16 16:38:31,RB,1,77
195,2019-01-16 16:41:05,BB,3,250
195,2019-01-16 16:46:35,RB,2,110
195,2019-01-16 16:50:27,BB,17,216
195,2019-01-16 16:56:46,BB,1,220
195,2019-01-16 17:14:12,BB,159,194
195,2019-01-16 17:27:31,BB,101,193
195,2019-01-16 18:06:58,BB,373,214
195,2019-01-16 18:12:56,BB,1,231
195,2019-01-16 18:18:15,BB,1,206
195,2019-01-16 18:26:34,RB,29,82
196,2019-01-16 09:32:57,BB,3,231
196,2019-01-16 09:59:01,RB,164,103
196,2019-01-16 10:56:29,BB,391,235
196,2019-01-16 11:02:21,BB,11,219
196,2019-01-16 11:09:10,BB,24,233
196,2019-01-16 11:14:20,BB,1,169
196,2019-01-16 11:19:32,BB,1,199
196,2019-01-16 11:25:21,BB,10,209
196,2019-01-16 11:30:28,BB,1,173
196,2019-01-16 11:36:05,RB,8,79
196,2019-01-16 11:39:38,BB,20,242
196,2019-01-16 11:45:33,BB,11,186
196,2019-01-16 11:51:19,BB,10,209
196,2019-01-16 11:57:59,BB,3,205
196,2019-01-16 12:05:18,BB,32,239
196,2019-01-16 12:11:19,BB,13,203
196,2019-01-16 12:16:24,BB,1,210
196,2019-01-16 12:23:17,BB,26,229
196,2019-01-16 12:28:36,RB,4,99
196,2019-01-16 13:41:32,RB,309,90
196,2019-01-16 13:48:17,BB,52,225
196,2019-01-16 13:54:15,RB,6,92
197,2019-01-16 10:27:19,RB,113,82
197,2019-01-16 13:08:27,RB,648,79
197,2019-01-16 13:10:42,BB,1,222
197,2019-01-16 13:19:49,RB,55,91
197,2019-01-16 13:24:44,RB,37,106
197,2019-01-16 13:27:08,RB,1,110
197,2019-01-16 13:44:38,BB,195,191
197,2019-01-16 13:50:30,RB,7,72
197,2019-01-16 13:53:03,BB,5,220
197,2019-01-16 14:00:16,RB,20,90
197,2019-01-16 14:03:17,RB,12,83
197,2019-01-16 14:06:59,BB,9,235
198,2019-01-16 10:04:11,RB,40,97
198,2019-01-16 10:50:43,RB,569,83
198,2019-01-16 10:53:11,BB,1,231
198,2019-01-16 10:59:18,BB,13,238
198,2019-01-16 11:05:12,BB,4,221
198,2019-01-16 11:10:28,BB,2,239
198,2019-01-16 11:16:41,BB,15,187
198,2019-01-16 11:22:45,BB,15,182
198,2019-01-16 11:28:16,BB,5,189
198,2019-01-16 11:44:00,BB,133,241
198,2019-01-16 12:09:07,BB,271,216
198,2019-01-16 12:14:19,BB,2,199
198,2019-01-16 12:34:43,BB,202,211
198,2019-01-16 12:59:55,BB,270,198
198,2019-01-16 13:14:46,BB,134,205
198,2019-01-16 13:27:32,BB,105,229
198,2019-01-16 13:33:09,RB,8,98
198,2019-01-16 13:36:28,RB,15,90
198,2019-01-16 13:41:56,BB,47,224
198,2019-01-16 13:59:07,BB,157,190
198,2019-01-16 14:22:03,RB,241,111
198,2019-01-16 16:34:52,BB,379,203
198,2019-01-16 16:55:25,BB,209,214
198,2019-01-16 17:04:47,BB,4,231
198,2019-01-16 17:10:51,RB,15,81
198,2019-01-16 17:13:18,BB,5,217
198,2019-01-16 17:19:31,RB,16,82
198,2019-01-16 17:21:50,BB,1,205
198,2019-01-16 17:26:54,BB,1,219
198,2019-01-16 17:32:08,BB,1,230
198,2019-01-16 17:37:33,BB,4,195
198,2019-01-16 17:42:46,RB,1,98
198,2019-01-16 17:45:31,RB,8,113
198,2019-01-16 17:48:07,BB,7,197
198,2019-01-16 17:55:02,BB,20,237
198,2019-01-16 18:00:54,BB,12,188
198,2019-01-16 18:07:28,BB,9,211
198,2019-01-16 18:13:20,BB,8,205
198,2019-01-16 18:20:33,RB,12,114
198,2019-01-16 18:23:15,RB,5,102
227,2019-01-16 11:06:58,RB,75,61
227,2019-01-16 11:09:25,BB,1,194
227,2019-01-16 11:16:56,BB,12,207
227,2019-01-16 13:25:14,RB,710,76
227,2019-01-16 13:27:44,BB,4,223
227,2019-01-16 13:41:07,BB,92,228
227,2019-01-16 14:04:59,BB,134,199
227,2019-01-16 14:10:21,BB,5,187
227,2019-01-16 14:18:16,BB,18,217
227,2019-01-16 14:23:34,BB,3,201
227,2019-01-16 14:28:59,BB,4,211
227,2019-01-16 14:35:12,BB,16,215
227,2019-01-16 14:51:56,BB,164,228
227,2019-01-16 18:24:25,RB,510,94
228,2019-01-16 09:19:31,RB,22,77
228,2019-01-16 09:21:59,BB,1,197
228,2019-01-16 09:27:11,BB,1,215
228,2019-01-16 09:32:27,RB,4,96
228,2019-01-16 09:34:45,BB,1,199
228,2019-01-16 09:41:04,RB,16,78
228,2019-01-16 09:43:20,BB,2,201
228,2019-01-16 09:48:50,RB,7,102
228,2019-01-16 09:51:12,BB,4,217
228,2019-01-16 09:58:34,RB,32,86
228,2019-01-16 10:03:26,BB,40,200
228,2019-01-16 10:43:21,RB,428,104
228,2019-01-16 11:58:38,RB,341,95
228,2019-01-16 12:01:15,BB,6,196
228,2019-01-16 12:06:48,BB,0,238
228,2019-01-16 12:14:25,RB,26,78
228,2019-01-16 12:18:01,BB,18,188
228,2019-01-16 12:23:23,BB,1,226
228,2019-01-16 12:30:09,BB,21,227
228,2019-01-16 12:36:28,BB,12,205
228,2019-01-16 17:05:29,RB,271,89
229,2019-01-16 11:14:35,RB,124,100
229,2019-01-16 11:17:47,RB,1,88
229,2019-01-16 11:20:24,BB,1,221
229,2019-01-16 11:25:57,RB,6,94
229,2019-01-16 11:29:07,RB,14,86
229,2019-01-16 11:40:09,RB,109,118
229,2019-01-16 11:44:12,BB,17,208
229,2019-01-16 11:50:31,BB,19,189
229,2019-01-16 11:56:11,RB,7,88
229,2019-01-16 12:07:09,BB,101,213
229,2019-01-16 14:49:44,BB,392,208
229,2019-01-16 15:04:46,RB,96,87
229,2019-01-16 15:07:19,RB,2,94
229,2019-01-16 15:28:29,RB,172,83
229,2019-01-16 15:56:09,RB,231,96
229,2019-01-16 16:17:35,RB,138,81
229,2019-01-16 16:20:12,BB,3,209
229,2019-01-16 16:34:31,RB,88,104
229,2019-01-16 16:38:34,RB,21,100
229,2019-01-16 16:41:26,RB,1,88
229,2019-01-16 16:46:02,BB,22,197
229,2019-01-16 16:52:39,RB,15,87
229,2019-01-16 16:56:31,RB,9,96
229,2019-01-16 17:02:02,BB,1,195
230,2019-01-16 11:52:28,BB,189,202
230,2019-01-16 11:58:50,BB,8,214
230,2019-01-16 12:05:33,BB,2,181
230,2019-01-16 12:12:19,BB,1,208
230,2019-01-16 12:20:11,BB,22,229
230,2019-01-16 12:27:12,BB,7,204
230,2019-01-16 12:34:04,BB,6,179
230,2019-01-16 12:53:07,BB,111,190
230,2019-01-16 14:05:50,RB,448,89
230,2019-01-16 14:08:44,BB,7,232
230,2019-01-16 14:15:21,RB,18,100
230,2019-01-16 14:17:49,BB,1,207
230,2019-01-16 14:23:22,RB,2,91
230,2019-01-16 14:25:46,BB,1,206
230,2019-01-16 15:43:25,BB,349,194
230,2019-01-16 15:51:02,BB,29,226
231,2019-01-16 10:40:01,BB,157,205
231,2019-01-16 10:45:52,BB,1,217
231,2019-01-16 10:57:23,BB,91,219
231,2019-01-16 11:04:12,RB,21,97
231,2019-01-16 11:53:19,RB,569,82
231,2019-01-16 12:03:27,BB,108,211
231,2019-01-16 12:09:40,BB,1,202
231,2019-01-16 12:26:00,RB,158,102
231,2019-01-16 12:30:03,BB,1,209
231,2019-01-16 12:36:37,BB,21,251
231,2019-01-16 12:42:14,RB,2,98
231,2019-01-16 12:44:59,RB,6,94
231,2019-01-16 12:49:00,BB,1,213
231,2019-01-16 13:01:05,BB,45,197
231,2019-01-16 13:07:23,BB,11,217
231,2019-01-16 15:08:29,BB,690,219
231,2019-01-16 15:13:41,BB,1,203
231,2019-01-16 17:52:20,BB,341,179
231,2019-01-16 17:58:24,BB,10,192
231,2019-01-16 18:06:25,RB,34,89
231,2019-01-16 18:17:15,BB,3,164
231,2019-01-16 18:24:43,BB,14,200
232,2019-01-16 09:16:25,BB,94,203
232,2019-01-16 09:28:05,BB,2,196
232,2019-01-16 09:33:48,BB,10,210
232,2019-01-16 09:39:07,RB,3,91
232,2019-01-16 09:41:34,BB,4,204
232,2019-01-16 09:47:08,BB,2,195
232,2019-01-16 09:53:12,BB,10,227
232,2019-01-16 10:40:55,BB,612,184
232,2019-01-16 10:51:29,RB,76,89
232,2019-01-16 10:54:53,BB,5,243
232,2019-01-16 11:01:51,BB,23,190
232,2019-01-16 11:07:04,BB,1,199
232,2019-01-16 11:12:41,BB,9,208
232,2019-01-16 11:18:23,BB,8,220
232,2019-01-16 11:44:45,BB,231,209
232,2019-01-16 11:54:41,BB,71,235
232,2019-01-16 12:19:17,BB,283,231
232,2019-01-16 12:28:45,BB,63,212
232,2019-01-16 12:33:52,BB,2,219
232,2019-01-16 12:39:04,BB,3,215
232,2019-01-16 12:44:32,BB,5,210
232,2019-01-16 12:50:09,BB,7,216
232,2019-01-16 12:55:41,BB,6,223
232,2019-01-16 13:01:17,RB,8,92
232,2019-01-16 13:03:29,BB,1,211
232,2019-01-16 13:09:03,RB,6,96
232,2019-01-16 13:11:24,BB,3,211
232,2019-01-16 13:35:58,BB,189,167
232,2019-01-16 13:41:29,BB,1,222
232,2019-01-16 13:47:08,BB,1,227
232,2019-01-16 13:54:30,RB,16,83
232,2019-01-16 13:57:52,BB,13,244
232,2019-01-16 15:44:01,BB,181,223
232,2019-01-16 16:02:17,BB,183,203
232,2019-01-16 16:24:17,BB,227,206
232,2019-01-16 16:29:30,BB,2,216
232,2019-01-16 17:13:33,RB,91,93
232,2019-01-16 17:15:55,BB,3,197
232,2019-01-16 17:25:08,BB,61,213
232,2019-01-16 17:37:51,RB,107,98
233,2019-01-16 09:45:14,BB,82,217
233,2019-01-16 09:55:15,RB,71,87
233,2019-01-16 09:57:31,BB,1,202
233,2019-01-16 10:57:32,RB,88,83
233,2019-01-16 12:35:58,RB,648,93
233,2019-01-16 12:38:31,BB,4,203
233,2019-01-16 12:44:08,RB,5,102
233,2019-01-16 12:46:42,BB,4,205
233,2019-01-16 12:52:07,BB,1,205
233,2019-01-16 14:23:52,BB,696,196
233,2019-01-16 14:30:38,BB,21,212
233,2019-01-16 14:36:21,BB,5,201
233,2019-01-16 14:42:49,BB,9,221
233,2019-01-16 14:48:44,RB,5,75
233,2019-01-16 17:01:50,BB,602,217
233,2019-01-16 17:07:44,BB,5,222
233,2019-01-16 17:13:00,BB,3,218
233,2019-01-16 17:19:58,BB,28,219
233,2019-01-16 17:44:43,BB,261,207
233,2019-01-16 17:50:56,BB,18,206
233,2019-01-16 17:59:21,RB,14,106
233,2019-01-16 18:04:07,BB,38,209
233,2019-01-16 18:09:31,BB,1,234
233,2019-01-16 18:14:38,BB,1,223
233,2019-01-16 18:20:30,BB,10,204
233,2019-01-16 18:26:10,RB,1,93
234,2019-01-16 12:27:57,BB,366,189
234,2019-01-16 12:53:01,RB,149,86
234,2019-01-16 12:55:20,BB,1,187
234,2019-01-16 13:00:37,BB,1,224
234,2019-01-16 13:06:14,BB,7,216
234,2019-01-16 13:13:18,BB,3,181
234,2019-01-16 13:18:37,BB,3,240
234,2019-01-16 13:24:14,BB,5,177
234,2019-01-16 13:39:58,BB,108,219
234,2019-01-16 14:32:50,BB,415,217
234,2019-01-16 17:10:09,RB,837,93
234,2019-01-16 17:12:54,BB,9,237
234,2019-01-16 17:19:07,BB,8,184
234,2019-01-16 17:27:07,RB,43,90
234,2019-01-16 17:29:20,RB,0,87
234,2019-01-16 17:31:35,BB,1,217
234,2019-01-16 17:37:39,BB,14,231
234,2019-01-16 17:43:13,RB,8,94
235,2019-01-16 11:36:05,BB,44,199
235,2019-01-16 11:41:27,RB,2,92
235,2019-01-16 11:43:51,BB,1,228
235,2019-01-16 11:50:07,RB,11,74
235,2019-01-16 11:52:40,RB,7,73
235,2019-01-16 13:38:04,RB,643,96
235,2019-01-16 13:42:47,BB,25,203
235,2019-01-16 13:49:09,BB,4,198
235,2019-01-16 14:06:59,RB,73,85
235,2019-01-16 14:09:51,BB,7,227
235,2019-01-16 14:15:06,BB,2,206
235,2019-01-16 14:20:41,BB,1,205
235,2019-01-16 14:26:07,BB,1,187
235,2019-01-16 14:41:28,BB,117,202
235,2019-01-16 14:55:33,BB,108,235
235,2019-01-16 15:01:37,BB,13,197
235,2019-01-16 15:07:16,BB,2,206
235,2019-01-16 15:12:56,BB,4,199
235,2019-01-16 15:28:53,BB,133,221
235,2019-01-16 18:05:58,BB,381,191
235,2019-01-16 18:11:23,BB,4,207
235,2019-01-16 18:17:21,BB,11,205
235,2019-01-16 18:23:58,RB,14,107
236,2019-01-16 10:40:40,BB,115,196
236,2019-01-16 10:49:40,BB,45,214
236,2019-01-16 10:55:59,BB,14,213
236,2019-01-16 11:01:42,BB,5,240
236,2019-01-16 11:09:13,BB,25,223
236,2019-01-16 11:24:24,BB,102,195
236,2019-01-16 11:30:46,BB,14,197
236,2019-01-16 11:36:05,BB,1,219
236,2019-01-16 11:41:51,RB,5,93
236,2019-01-16 11:48:10,RB,53,79
236,2019-01-16 11:50:25,BB,1,192
236,2019-01-16 12:00:35,BB,63,226
236,2019-01-16 12:21:14,BB,187,197
236,2019-01-16 12:38:58,BB,148,219
236,2019-01-16 12:44:47,BB,9,203
236,2019-01-16 12:50:42,RB,10,87
236,2019-01-16 13:50:06,BB,783,201
236,2019-01-16 13:55:52,RB,8,92
236,2019-01-16 14:12:57,BB,199,193
236,2019-01-16 14:31:59,BB,184,203
236,2019-01-16 15:48:38,RB,1006,94
236,2019-01-16 15:51:05,RB,4,82
236,2019-01-16 15:54:11,RB,12,90
236,2019-01-16 16:55:34,BB,230,209
236,2019-01-16 17:06:02,RB,75,99
237,2019-01-16 12:13:58,BB,330,231
237,2019-01-16 12:25:36,RB,75,94
237,2019-01-16 12:28:57,BB,14,198
237,2019-01-16 12:41:53,BB,99,220
237,2019-01-16 13:01:50,BB,177,202
237,2019-01-16 13:07:53,RB,6,98
237,2019-01-16 13:10:21,BB,4,206
237,2019-01-16 13:16:34,RB,4,82
237,2019-01-16 13:25:20,BB,77,195
237,2019-01-16 16:05:45,RB,254,88
237,2019-01-16 17:48:26,BB,300,218
237,2019-01-16 18:06:01,RB,159,87
238,2019-01-16 09:21:50,RB,24,75
238,2019-01-16 10:09:02,RB,256,105
238,2019-01-16 10:15:06,BB,40,227
238,2019-01-16 10:50:58,RB,385,95
238,2019-01-16 11:54:26,BB,879,235
238,2019-01-16 11:59:35,RB,2,117
238,2019-01-16 12:02:54,RB,16,85
238,2019-01-16 12:10:10,RB,72,109
238,2019-01-16 12:21:17,RB,112,103
238,2019-01-16 12:40:14,RB,203,78
238,2019-01-16 12:43:05,BB,11,219
238,2019-01-16 12:52:19,BB,57,236
238,2019-01-16 13:30:30,BB,473,209
239,2019-01-16 10:28:59,RB,212,98
239,2019-01-16 10:45:31,BB,101,202
239,2019-01-16 10:50:52,BB,4,194
239,2019-01-16 10:56:17,RB,4,72
239,2019-01-16 11:04:30,BB,68,203
239,2019-01-16 11:10:07,RB,1,104
239,2019-01-16 11:17:08,BB,61,207
239,2019-01-16 11:23:48,RB,21,93
239,2019-01-16 11:26:19,BB,3,227
239,2019-01-16 11:32:07,BB,2,202
239,2019-01-16 11:46:27,RB,73,104
239,2019-01-16 12:52:25,RB,547,102
239,2019-01-16 12:58:15,RB,53,95
239,2019-01-16 14:05:50,RB,132,98
239,2019-01-16 14:09:27,BB,10,187
239,2019-01-16 14:16:00,BB,16,198
239,2019-01-16 14:22:09,RB,10,95
239,2019-01-16 15:49:29,RB,244,91
239,2019-01-16 15:53:53,BB,3,214
239,2019-01-16 16:05:42,BB,16,198
239,2019-01-16 16:16:26,BB,3,189
239,2019-01-16 16:24:24,BB,1,225
239,2019-01-16 16:37:57,RB,50,98
239,2019-01-16 16:47:35,RB,83,90
239,2019-01-16 16:50:51,RB,8,90
239,2019-01-16 16:55:34,RB,2,85
239,2019-01-16 16:59:55,BB,2,220
239,2019-01-16 17:08:20,RB,4,92
239,2019-01-16 17:11:36,RB,2,93
239,2019-01-16 17:17:22,BB,12,228
239,2019-01-16 17:28:28,BB,19,239
239,2019-01-16 17:37:30,BB,9,200
239,2019-01-16 17:53:29,RB,104,74
239,2019-01-16 17:59:06,RB,44,101
239,2019-01-16 18:03:22,BB,24,219
239,2019-01-16 18:13:29,BB,1,211
239,2019-01-16 18:21:45,BB,10,220
240,2019-01-16 10:55:02,BB,332,198
240,2019-01-16 11:06:58,RB,73,86
240,2019-01-16 12:29:27,RB,500,101
240,2019-01-16 12:36:19,RB,53,83
240,2019-01-16 12:38:52,BB,4,192
240,2019-01-16 12:44:29,RB,8,64
240,2019-01-16 12:58:31,BB,143,201
240,2019-01-16 13:13:18,RB,126,87
240,2019-01-16 13:15:37,BB,1,198
240,2019-01-16 13:22:29,BB,1,200
240,2019-01-16 13:40:34,BB,100,216
240,2019-01-16 13:50:57,BB,4,199
240,2019-01-16 13:57:34,RB,18,88
240,2019-01-16 14:33:24,RB,399,84
240,2019-01-16 14:41:43,RB,76,96
240,2019-01-16 14:58:57,BB,178,211
240,2019-01-16 18:13:05,BB,745,232
